-- Adminer 4.8.1 MySQL 9.1.0 dump

SET NAMES utf8;
SET time_zone = '+00:00';
SET foreign_key_checks = 0;
SET sql_mode = 'NO_AUTO_VALUE_ON_ZERO';

SET NAMES utf8mb4;

CREATE DATABASE `mop` /*!40100 DEFAULT CHARACTER SET utf8mb4 COLLATE utf8mb4_0900_ai_ci */ /*!80016 DEFAULT ENCRYPTION='N' */;
USE `mop`;

DROP TABLE IF EXISTS `device_types`;
CREATE TABLE `device_types` (
  `id` int NOT NULL AUTO_INCREMENT,
  `name` varchar(50) CHARACTER SET utf8mb4 COLLATE utf8mb4_0900_ai_ci NOT NULL,
  PRIMARY KEY (`id`)
) ENGINE=InnoDB DEFAULT CHARSET=utf8mb4 COLLATE=utf8mb4_0900_ai_ci;

INSERT INTO `device_types` (`id`, `name`) VALUES
(1,	'phone'),
(2,	'tablet'),
(3,	'notebook'),
(4,	'smartwatch');

DROP TABLE IF EXISTS `faults`;
CREATE TABLE `faults` (
  `id` int NOT NULL AUTO_INCREMENT,
  `name` varchar(255) CHARACTER SET utf8mb4 COLLATE utf8mb4_0900_ai_ci NOT NULL,
  `description` text CHARACTER SET utf8mb4 COLLATE utf8mb4_0900_ai_ci NOT NULL,
  PRIMARY KEY (`id`)
) ENGINE=InnoDB DEFAULT CHARSET=utf8mb4 COLLATE=utf8mb4_0900_ai_ci;

INSERT INTO `faults` (`id`, `name`, `description`) VALUES
(1,	'Rozbité sklo',	'Výměna skla displeje'),
(2,	'Špatná baterie',	'Výměna baterie'),
(3,	'Problém s nabíjením',	'Oprava nabíjecího portu nebo výměna baterie'),
(4,	'Poškozený displej',	'Výměna poškozeného displeje'),
(5,	'Pomalý výkon',	'Optimalizace systému a vyčištění zařízení'),
(6,	'Vadný konektor',	'Výměna, nebo oprava konektoru'),
(7,	'Nefunkční tlačítka',	'Oprava nebo výměna tlačítek');

DROP TABLE IF EXISTS `manufacturers`;
CREATE TABLE `manufacturers` (
  `id` int NOT NULL AUTO_INCREMENT,
  `name` varchar(255) NOT NULL,
  PRIMARY KEY (`id`)
) ENGINE=InnoDB DEFAULT CHARSET=utf8mb4 COLLATE=utf8mb4_0900_ai_ci;

INSERT INTO `manufacturers` (`id`, `name`) VALUES
(1,	'Apple'),
(2,	'Samsung'),
(3,	'Huawei'),
(4,	'Xiaomi'),
(5,	'Dell'),
(6,	'Lenovo'),
(7,	'HP'),
(8,	'Microsoft'),
(9,	'Asus'),
(10,	'Acer'),
(11,	'Google'),
(12,	'OnePlus'),
(13,	'Oppo'),
(14,	'Vivo'),
(15,	'Sony'),
(16,	'Nokia'),
(17,	'Motorola'),
(18,	'LG'),
(19,	'Realme'),
(20,	'ZTE'),
(21,	'TCL'),
(22,	'Honor'),
(23,	'Meizu'),
(24,	'BlackBerry'),
(25,	'Panasonic'),
(26,	'Alcatel'),
(27,	'Razer'),
(28,	'Asus ROG'),
(29,	'Fossil'),
(30,	'Garmin'),
(31,	'Fitbit'),
(32,	'Polar'),
(33,	'Amazfit'),
(34,	'Pebble'),
(35,	'Casio'),
(36,	'Montblanc'),
(37,	'Suunto'),
(38,	'TicWatch'),
(39,	'BQ'),
(40,	'Chuwi'),
(41,	'Teclast'),
(42,	'Prestigio'),
(43,	'Other');

DROP TABLE IF EXISTS `models`;
CREATE TABLE `models` (
  `id` int NOT NULL AUTO_INCREMENT,
  `name` varchar(255) NOT NULL,
  `manufacturer_id` int NOT NULL,
  `type_id` int NOT NULL,
  `release_year` year DEFAULT NULL,
  PRIMARY KEY (`id`),
  KEY `fk_manufacturer_model` (`manufacturer_id`),
  KEY `fk_device_model` (`type_id`),
  CONSTRAINT `fk_device_model` FOREIGN KEY (`type_id`) REFERENCES `device_type` (`id`) ON DELETE CASCADE,
  CONSTRAINT `fk_manufacturer_model` FOREIGN KEY (`manufacturer_id`) REFERENCES `manufacturers` (`id`) ON DELETE CASCADE
) ENGINE=InnoDB DEFAULT CHARSET=utf8mb4 COLLATE=utf8mb4_0900_ai_ci;

INSERT INTO `models` (`id`, `name`, `manufacturer_id`, `type_id`, `release_year`) VALUES
(1,	'iPhone 13',	1,	1,	'2021'),
(2,	'iPhone 12 Pro',	1,	1,	'2020'),
(3,	'iPhone 11',	1,	1,	'2019'),
(4,	'iPhone SE',	1,	1,	'2020'),
(5,	'iPhone XR',	1,	1,	'2018'),
(6,	'iPhone XS',	1,	1,	'2018'),
(7,	'iPhone X',	1,	1,	'2017'),
(8,	'iPhone 8',	1,	1,	'2017'),
(9,	'iPhone 7',	1,	1,	'2016'),
(10,	'iPhone 6s',	1,	1,	'2015'),
(11,	'iPhone 6',	1,	1,	'2014'),
(12,	'iPad Pro',	1,	2,	'2021'),
(13,	'iPad Air',	1,	2,	'2020'),
(14,	'iPad Mini',	1,	2,	'2019'),
(15,	'iPad 8',	1,	2,	'2020'),
(16,	'iPad 7',	1,	2,	'2019'),
(17,	'iPad 6',	1,	2,	'2018'),
(18,	'iPad 5',	1,	2,	'2017'),
(19,	'iPad Air 2',	1,	2,	'2015'),
(20,	'iPad Mini 4',	1,	2,	'2015'),
(21,	'iPad Pro 9.7',	1,	2,	'2016'),
(22,	'iPad Pro 10.5',	1,	2,	'2017'),
(23,	'MacBook Pro 16',	1,	3,	'2021'),
(24,	'MacBook Air M1',	1,	3,	'2020'),
(25,	'MacBook Air',	1,	3,	'2018'),
(26,	'MacBook Pro 13',	1,	3,	'2020'),
(27,	'MacBook 12',	1,	3,	'2017'),
(28,	'MacBook Pro 15',	1,	3,	'2019'),
(29,	'MacBook Air Retina',	1,	3,	'2019'),
(30,	'MacBook Pro 13 Touch Bar',	1,	3,	'2018'),
(31,	'MacBook Pro 15 Touch Bar',	1,	3,	'2018'),
(32,	'MacBook Pro 13',	1,	3,	'2017'),
(33,	'MacBook Pro 13 M1',	1,	3,	'2020'),
(34,	'Apple Watch Series 7',	1,	4,	'2021'),
(35,	'Apple Watch SE',	1,	4,	'2020'),
(36,	'Apple Watch Series 6',	1,	4,	'2020'),
(37,	'Apple Watch Series 5',	1,	4,	'2019'),
(38,	'Apple Watch Series 4',	1,	4,	'2018'),
(39,	'Apple Watch Series 3',	1,	4,	'2017'),
(40,	'Apple Watch Series 2',	1,	4,	'2016'),
(41,	'Apple Watch Series 1',	1,	4,	'2015'),
(42,	'Apple Watch Edition',	1,	4,	'2016'),
(43,	'Apple Watch Nike+',	1,	4,	'2018'),
(44,	'Apple Watch Hermes',	1,	4,	'2019'),
(45,	'Galaxy S21',	2,	1,	'2021'),
(46,	'Galaxy S20',	2,	1,	'2020'),
(47,	'Galaxy Note 20',	2,	1,	'2020'),
(48,	'Galaxy A52',	2,	1,	'2021'),
(49,	'Galaxy Z Flip',	2,	1,	'2020'),
(50,	'Galaxy Fold',	2,	1,	'2019'),
(51,	'Galaxy M51',	2,	1,	'2020'),
(52,	'Galaxy A71',	2,	1,	'2020'),
(53,	'Galaxy S10',	2,	1,	'2019'),
(54,	'Galaxy Note 10',	2,	1,	'2019'),
(55,	'Galaxy J7',	2,	1,	'2018'),
(56,	'Galaxy Tab S7',	2,	2,	'2020'),
(57,	'Galaxy Tab S6',	2,	2,	'2019'),
(58,	'Galaxy Tab A7',	2,	2,	'2020'),
(59,	'Galaxy Tab S5e',	2,	2,	'2019'),
(60,	'Galaxy Tab Active 3',	2,	2,	'2020'),
(61,	'Galaxy Tab A 10.1',	2,	2,	'2019'),
(62,	'Galaxy Tab A8',	2,	2,	'2018'),
(63,	'Galaxy Tab E',	2,	2,	'2016'),
(64,	'Galaxy Tab S3',	2,	2,	'2017'),
(65,	'Galaxy Tab S2',	2,	2,	'2015'),
(66,	'Galaxy Tab S',	2,	2,	'2014'),
(67,	'P50',	3,	1,	'2021'),
(68,	'P40',	3,	1,	'2020'),
(69,	'Mate 40',	3,	1,	'2020'),
(70,	'Nova 8',	3,	1,	'2021'),
(71,	'Nova 7',	3,	1,	'2020'),
(72,	'Y9a',	3,	1,	'2020'),
(73,	'P30',	3,	1,	'2019'),
(74,	'Mate 30',	3,	1,	'2019'),
(75,	'Mate Xs',	3,	1,	'2020'),
(76,	'Honor 20',	3,	1,	'2019'),
(77,	'Mate 20 Pro',	3,	1,	'2018'),
(78,	'MatePad Pro',	3,	2,	'2020'),
(79,	'MatePad T10s',	3,	2,	'2020'),
(80,	'MediaPad M5',	3,	2,	'2018'),
(81,	'MediaPad T5',	3,	2,	'2018'),
(82,	'Honor Pad 5',	3,	2,	'2019'),
(83,	'MatePad T8',	3,	2,	'2020'),
(84,	'MediaPad T3',	3,	2,	'2017'),
(85,	'Honor Tab 5',	3,	2,	'2019'),
(86,	'MatePad 11',	3,	2,	'2021'),
(87,	'MatePad 10.4',	3,	2,	'2020'),
(88,	'MediaPad M6',	3,	2,	'2019'),
(89,	'Mi 11',	4,	1,	'2021'),
(90,	'Redmi Note 10',	4,	1,	'2021'),
(91,	'Redmi 9',	4,	1,	'2020'),
(92,	'Mi 10',	4,	1,	'2020'),
(93,	'Poco X3',	4,	1,	'2020'),
(94,	'Mi A3',	4,	1,	'2019'),
(95,	'Mi Mix 3',	4,	1,	'2018'),
(96,	'Mi 9',	4,	1,	'2019'),
(97,	'Redmi Note 8',	4,	1,	'2019'),
(98,	'Redmi K20',	4,	1,	'2019'),
(99,	'Poco F2 Pro',	4,	1,	'2020'),
(100,	'Mi Pad 4',	4,	2,	'2018'),
(101,	'Mi Pad 5',	4,	2,	'2021'),
(102,	'Redmi Pad',	4,	2,	'2022'),
(103,	'Poco Pad',	4,	2,	'2021'),
(104,	'Xiaomi Pad 5',	4,	2,	'2021'),
(105,	'Redmi Pad 8',	4,	2,	'2019'),
(106,	'Mi Pad 4 Plus',	4,	2,	'2018'),
(107,	'Xiaomi Pad Pro',	4,	2,	'2021'),
(108,	'Redmi Pad 7',	4,	2,	'2020'),
(109,	'Mi Pad 3',	4,	2,	'2017'),
(110,	'Xiaomi Pad Plus',	4,	2,	'2021'),
(111,	'Pixel 6',	11,	1,	'2021'),
(112,	'Pixel 5',	11,	1,	'2020'),
(113,	'Pixel 4',	11,	1,	'2019'),
(114,	'Pixel 4a',	11,	1,	'2020'),
(115,	'Pixel 3',	11,	1,	'2018'),
(116,	'Pixel 3a',	11,	1,	'2019'),
(117,	'Pixel 2',	11,	1,	'2017'),
(118,	'Pixel XL',	11,	1,	'2016'),
(119,	'Pixel 5a',	11,	1,	'2021'),
(120,	'Pixel 6 Pro',	11,	1,	'2021'),
(121,	'Pixel 4 XL',	11,	1,	'2019'),
(122,	'Pixel Slate',	11,	2,	'2018'),
(123,	'Pixel C',	11,	2,	'2015'),
(124,	'Pixelbook Go',	11,	2,	'2019'),
(125,	'Pixelbook',	11,	3,	'2017'),
(126,	'Chromebook Pixel',	11,	3,	'2015'),
(127,	'Nest Hub',	11,	2,	'2021'),
(128,	'Nest Hub Max',	11,	2,	'2020'),
(129,	'Pixel Tab',	11,	2,	'2022'),
(130,	'Nest Mini',	11,	4,	'2019'),
(131,	'Nest Audio',	11,	4,	'2020'),
(132,	'Chromecast Ultra',	11,	4,	'2016'),
(133,	'OnePlus 9',	12,	1,	'2021'),
(134,	'OnePlus 8',	12,	1,	'2020'),
(135,	'OnePlus 7',	12,	1,	'2019'),
(136,	'OnePlus 6T',	12,	1,	'2018'),
(137,	'OnePlus 8 Pro',	12,	1,	'2020'),
(138,	'OnePlus Nord',	12,	1,	'2020'),
(139,	'OnePlus X',	12,	1,	'2015'),
(140,	'OnePlus 7 Pro',	12,	1,	'2019'),
(141,	'OnePlus 7T',	12,	1,	'2019'),
(142,	'OnePlus 5T',	12,	1,	'2017'),
(143,	'OnePlus 9 Pro',	12,	1,	'2021'),
(144,	'OnePlus Pad',	12,	2,	'2021'),
(145,	'OnePlus 8T',	12,	2,	'2020'),
(146,	'OnePlus 9R',	12,	2,	'2021'),
(147,	'OnePlus Nord 2',	12,	2,	'2021'),
(148,	'OnePlus 10',	12,	2,	'2022'),
(149,	'OnePlus 7R',	12,	2,	'2020'),
(150,	'OnePlus Nord N100',	12,	2,	'2020'),
(151,	'OnePlus Nord N200',	12,	2,	'2021'),
(152,	'OnePlus 6',	12,	2,	'2018'),
(153,	'OnePlus 5',	12,	2,	'2017'),
(154,	'OnePlus 2',	12,	2,	'2015'),
(155,	'Oppo Find X5',	13,	1,	'2022'),
(156,	'Oppo Reno6',	13,	1,	'2021'),
(157,	'Oppo F19 Pro',	13,	1,	'2021'),
(158,	'Oppo A54',	13,	1,	'2021'),
(159,	'Oppo F17',	13,	1,	'2020'),
(160,	'Oppo Reno4',	13,	1,	'2020'),
(161,	'Oppo A15',	13,	1,	'2020'),
(162,	'Oppo Reno3',	13,	1,	'2020'),
(163,	'Oppo Find X2',	13,	1,	'2020'),
(164,	'Oppo A73',	13,	1,	'2020'),
(165,	'Oppo A9 2020',	13,	1,	'2020'),
(166,	'Oppo Pad',	13,	2,	'2022'),
(167,	'Oppo Reno 2',	13,	2,	'2020'),
(168,	'Oppo Find X',	13,	2,	'2018'),
(169,	'Oppo F15',	13,	2,	'2019'),
(170,	'Oppo A31',	13,	2,	'2020'),
(171,	'Oppo Pad Air',	13,	2,	'2022'),
(172,	'Oppo K3',	13,	2,	'2019'),
(173,	'Oppo A53',	13,	2,	'2020'),
(174,	'Oppo A92',	13,	2,	'2020'),
(175,	'Oppo A12',	13,	2,	'2020'),
(176,	'Oppo Reno2 F',	13,	2,	'2019'),
(177,	'Vivo X60',	14,	1,	'2021'),
(178,	'Vivo V21',	14,	1,	'2021'),
(179,	'Vivo Y73',	14,	1,	'2021'),
(180,	'Vivo X50',	14,	1,	'2020'),
(181,	'Vivo V19',	14,	1,	'2020'),
(182,	'Vivo V15 Pro',	14,	1,	'2019'),
(183,	'Vivo Y20',	14,	1,	'2020'),
(184,	'Vivo S1',	14,	1,	'2019'),
(185,	'Vivo V17',	14,	1,	'2019'),
(186,	'Vivo Nex 3',	14,	1,	'2019'),
(187,	'Vivo Y11',	14,	1,	'2019'),
(188,	'Vivo Pad',	14,	2,	'2022'),
(189,	'Vivo T1',	14,	2,	'2022'),
(190,	'Vivo V21e',	14,	2,	'2021'),
(191,	'Vivo Tab S7',	14,	2,	'2021'),
(192,	'Vivo Y20T',	14,	2,	'2021'),
(193,	'Vivo X70 Pro',	14,	2,	'2021'),
(194,	'Vivo V21 5G',	14,	2,	'2021'),
(195,	'Vivo Pad 2',	14,	2,	'2023'),
(196,	'Vivo T1 5G',	14,	2,	'2022'),
(197,	'Vivo Y33s',	14,	2,	'2021'),
(198,	'Vivo V15',	14,	2,	'2019'),
(199,	'Xperia 1 III',	15,	1,	'2021'),
(200,	'Xperia 10 III',	15,	1,	'2021'),
(201,	'Xperia 5 II',	15,	1,	'2020'),
(202,	'Xperia 1 II',	15,	1,	'2020'),
(203,	'Xperia 10 II',	15,	1,	'2020'),
(204,	'Xperia 5',	15,	1,	'2019'),
(205,	'Xperia 1',	15,	1,	'2019'),
(206,	'Xperia XA2',	15,	1,	'2018'),
(207,	'Xperia XZ2',	15,	1,	'2018'),
(208,	'Xperia XZ1',	15,	1,	'2017'),
(209,	'Xperia L1',	15,	1,	'2017'),
(210,	'Xperia Tablet Z4',	15,	2,	'2015'),
(211,	'Xperia Tablet Z3',	15,	2,	'2014'),
(212,	'Xperia Tablet X',	15,	2,	'2020'),
(213,	'Xperia Tablet Z2',	15,	2,	'2014'),
(214,	'Xperia S Tablet',	15,	2,	'2012'),
(215,	'Xperia 8',	15,	2,	'2019'),
(216,	'Xperia 10 Plus',	15,	2,	'2020'),
(217,	'Xperia Z Ultra',	15,	2,	'2013'),
(218,	'Xperia Z3 Tablet Compact',	15,	2,	'2014'),
(219,	'Xperia XZ3',	15,	2,	'2018'),
(220,	'Xperia X Compact',	15,	2,	'2016'),
(221,	'Nokia 8.3 5G',	16,	1,	'2020'),
(222,	'Nokia 7.2',	16,	1,	'2019'),
(223,	'Nokia 5.4',	16,	1,	'2020'),
(224,	'Nokia 2.4',	16,	1,	'2020'),
(225,	'Nokia 3.4',	16,	1,	'2020'),
(226,	'Nokia 6.2',	16,	1,	'2019'),
(227,	'Nokia 9 PureView',	16,	1,	'2019'),
(228,	'Nokia 8.1',	16,	1,	'2018'),
(229,	'Nokia 7 Plus',	16,	1,	'2018'),
(230,	'Nokia 5.1',	16,	1,	'2018'),
(231,	'Nokia 6',	16,	1,	'2017'),
(232,	'Nokia N1',	16,	2,	'2014'),
(233,	'Nokia 8110 4G',	16,	2,	'2018'),
(234,	'Nokia T20',	16,	2,	'2021'),
(235,	'Nokia 8 Sirocco',	16,	2,	'2018'),
(236,	'Nokia 2.1',	16,	2,	'2018'),
(237,	'Nokia 1.4',	16,	2,	'2021'),
(238,	'Nokia 3.1 Plus',	16,	2,	'2018'),
(239,	'Nokia 2.3',	16,	2,	'2020'),
(240,	'Nokia 5.3',	16,	2,	'2020'),
(241,	'Nokia 3.2',	16,	2,	'2019'),
(242,	'Nokia G50',	16,	2,	'2021'),
(243,	'Moto G Power',	17,	1,	'2021'),
(244,	'Moto Edge 20',	17,	1,	'2021'),
(245,	'Moto G Stylus',	17,	1,	'2021'),
(246,	'Moto One Fusion+',	17,	1,	'2020'),
(247,	'Moto E 2020',	17,	1,	'2020'),
(248,	'Moto Z4',	17,	1,	'2019'),
(249,	'Moto G7',	17,	1,	'2019'),
(250,	'Moto G6',	17,	1,	'2018'),
(251,	'Moto Z3',	17,	1,	'2018'),
(252,	'Moto G5 Plus',	17,	1,	'2017'),
(253,	'Moto E6',	17,	1,	'2019'),
(254,	'Motorola Tab G70',	17,	2,	'2021'),
(255,	'Motorola Edge+',	17,	2,	'2020'),
(256,	'Motorola Tab G20',	17,	2,	'2020'),
(257,	'Motorola XOOM',	17,	2,	'2011'),
(258,	'Motorola MotoTab',	17,	2,	'2016'),
(259,	'Motorola Tab',	17,	2,	'2021'),
(260,	'Motorola G100',	17,	2,	'2021'),
(261,	'Motorola XOOM 2',	17,	2,	'2012'),
(262,	'Motorola Tab S8',	17,	2,	'2021'),
(263,	'Motorola Tab 8',	17,	2,	'2021'),
(264,	'Motorola One Hyper',	17,	2,	'2020'),
(265,	'LG Velvet',	18,	1,	'2020'),
(266,	'LG V60 ThinQ',	18,	1,	'2020'),
(267,	'LG G8X ThinQ',	18,	1,	'2019'),
(268,	'LG G7 ThinQ',	18,	1,	'2018'),
(269,	'LG V50 ThinQ',	18,	1,	'2019'),
(270,	'LG G6',	18,	1,	'2017'),
(271,	'LG Stylo 6',	18,	1,	'2020'),
(272,	'LG K92 5G',	18,	1,	'2020'),
(273,	'LG V40 ThinQ',	18,	1,	'2018'),
(274,	'LG K40',	18,	1,	'2019'),
(275,	'LG G5',	18,	1,	'2016'),
(276,	'LG Tab 8',	18,	2,	'2021'),
(277,	'LG G Pad 5',	18,	2,	'2020'),
(278,	'LG G Pad 8.0',	18,	2,	'2015'),
(279,	'LG G Pad X',	18,	2,	'2016'),
(280,	'LG V60 ThinQ Tab',	18,	2,	'2021'),
(281,	'LG G Pad 10.1',	18,	2,	'2017'),
(282,	'LG X5',	18,	2,	'2019'),
(283,	'LG G Pad 7.0',	18,	2,	'2016'),
(284,	'LG G Pad II',	18,	2,	'2015'),
(285,	'LG V40 ThinQ Tab',	18,	2,	'2018'),
(286,	'LG Q Stylus',	18,	2,	'2018'),
(287,	'Realme 8 Pro',	19,	1,	'2021'),
(288,	'Realme GT',	19,	1,	'2021'),
(289,	'Realme 7 Pro',	19,	1,	'2020'),
(290,	'Realme Narzo 30',	19,	1,	'2021'),
(291,	'Realme X7',	19,	1,	'2020'),
(292,	'Realme X50 Pro',	19,	1,	'2020'),
(293,	'Realme 6 Pro',	19,	1,	'2020'),
(294,	'Realme X3 SuperZoom',	19,	1,	'2020'),
(295,	'Realme C21',	19,	1,	'2021'),
(296,	'Realme 5 Pro',	19,	1,	'2019'),
(297,	'Realme 3 Pro',	19,	1,	'2019'),
(298,	'Realme Pad',	19,	2,	'2021'),
(299,	'Realme Pad X',	19,	2,	'2022'),
(300,	'Realme Pad Mini',	19,	2,	'2022'),
(301,	'Realme GT 2 Pro',	19,	2,	'2022'),
(302,	'Realme Tab',	19,	2,	'2021'),
(303,	'Realme GT Master Edition',	19,	2,	'2021'),
(304,	'Realme 8',	19,	2,	'2021'),
(305,	'Realme X50',	19,	2,	'2020'),
(306,	'Realme 7',	19,	2,	'2020'),
(307,	'Realme C12',	19,	2,	'2020'),
(308,	'Realme GT 2',	19,	2,	'2022'),
(309,	'ZTE Axon 20 5G',	20,	1,	'2020'),
(310,	'ZTE Blade 11',	20,	1,	'2020'),
(311,	'ZTE Axon 10 Pro',	20,	1,	'2019'),
(312,	'ZTE Axon 11',	20,	1,	'2020'),
(313,	'ZTE Blade V10',	20,	1,	'2019'),
(314,	'ZTE Axon 7',	20,	1,	'2016'),
(315,	'ZTE Nubia Z20',	20,	1,	'2019'),
(316,	'ZTE Axon M',	20,	1,	'2017'),
(317,	'ZTE Blade A7',	20,	1,	'2019'),
(318,	'ZTE Blade A5 2020',	20,	1,	'2020'),
(319,	'ZTE Blade V9',	20,	1,	'2018'),
(320,	'ZTE Tab',	20,	2,	'2017'),
(321,	'ZTE Axon 20 5G Pro',	20,	2,	'2021'),
(322,	'ZTE T81',	20,	2,	'2018'),
(323,	'ZTE Grand X View',	20,	2,	'2016'),
(324,	'ZTE Tempo',	20,	2,	'2017'),
(325,	'ZTE Tab 10',	20,	2,	'2020'),
(326,	'ZTE Axon Pro',	20,	2,	'2018'),
(327,	'ZTE ZPAD',	20,	2,	'2015'),
(328,	'ZTE Axon 10s Pro',	20,	2,	'2020'),
(329,	'ZTE Blade V8 Pro',	20,	2,	'2017'),
(330,	'ZTE Nubia Z17',	20,	2,	'2017'),
(331,	'Moto G Power',	17,	1,	'2021'),
(332,	'Moto Edge 20',	17,	1,	'2021'),
(333,	'Moto G Stylus',	17,	1,	'2021'),
(334,	'Moto One Fusion+',	17,	1,	'2020'),
(335,	'Moto E 2020',	17,	1,	'2020'),
(336,	'Moto Z4',	17,	1,	'2019'),
(337,	'Moto G7',	17,	1,	'2019'),
(338,	'Moto G6',	17,	1,	'2018'),
(339,	'Moto Z3',	17,	1,	'2018'),
(340,	'Moto G5 Plus',	17,	1,	'2017'),
(341,	'Moto E6',	17,	1,	'2019'),
(342,	'Motorola Tab G70',	17,	2,	'2021'),
(343,	'Motorola Edge+',	17,	2,	'2020'),
(344,	'Motorola Tab G20',	17,	2,	'2020'),
(345,	'Motorola XOOM',	17,	2,	'2011'),
(346,	'Motorola MotoTab',	17,	2,	'2016'),
(347,	'Motorola Tab',	17,	2,	'2021'),
(348,	'Motorola G100',	17,	2,	'2021'),
(349,	'Motorola XOOM 2',	17,	2,	'2012'),
(350,	'Motorola Tab S8',	17,	2,	'2021'),
(351,	'Motorola Tab 8',	17,	2,	'2021'),
(352,	'Motorola One Hyper',	17,	2,	'2020'),
(353,	'LG Velvet',	18,	1,	'2020'),
(354,	'LG V60 ThinQ',	18,	1,	'2020'),
(355,	'LG G8X ThinQ',	18,	1,	'2019'),
(356,	'LG G7 ThinQ',	18,	1,	'2018'),
(357,	'LG V50 ThinQ',	18,	1,	'2019'),
(358,	'LG G6',	18,	1,	'2017'),
(359,	'LG Stylo 6',	18,	1,	'2020'),
(360,	'LG K92 5G',	18,	1,	'2020'),
(361,	'LG V40 ThinQ',	18,	1,	'2018'),
(362,	'LG K40',	18,	1,	'2019'),
(363,	'LG G5',	18,	1,	'2016'),
(364,	'LG Tab 8',	18,	2,	'2021'),
(365,	'LG G Pad 5',	18,	2,	'2020'),
(366,	'LG G Pad 8.0',	18,	2,	'2015'),
(367,	'LG G Pad X',	18,	2,	'2016'),
(368,	'LG V60 ThinQ Tab',	18,	2,	'2021'),
(369,	'LG G Pad 10.1',	18,	2,	'2017'),
(370,	'LG X5',	18,	2,	'2019'),
(371,	'LG G Pad 7.0',	18,	2,	'2016'),
(372,	'LG G Pad II',	18,	2,	'2015'),
(373,	'LG V40 ThinQ Tab',	18,	2,	'2018'),
(374,	'LG Q Stylus',	18,	2,	'2018'),
(375,	'Realme 8 Pro',	19,	1,	'2021'),
(376,	'Realme GT',	19,	1,	'2021'),
(377,	'Realme 7 Pro',	19,	1,	'2020'),
(378,	'Realme Narzo 30',	19,	1,	'2021'),
(379,	'Realme X7',	19,	1,	'2020'),
(380,	'Realme X50 Pro',	19,	1,	'2020'),
(381,	'Realme 6 Pro',	19,	1,	'2020'),
(382,	'Realme X3 SuperZoom',	19,	1,	'2020'),
(383,	'Realme C21',	19,	1,	'2021'),
(384,	'Realme 5 Pro',	19,	1,	'2019'),
(385,	'Realme 3 Pro',	19,	1,	'2019'),
(386,	'Realme Pad',	19,	2,	'2021'),
(387,	'Realme Pad X',	19,	2,	'2022'),
(388,	'Realme Pad Mini',	19,	2,	'2022'),
(389,	'Realme GT 2 Pro',	19,	2,	'2022'),
(390,	'Realme Tab',	19,	2,	'2021'),
(391,	'Realme GT Master Edition',	19,	2,	'2021'),
(392,	'Realme 8',	19,	2,	'2021'),
(393,	'Realme X50',	19,	2,	'2020'),
(394,	'Realme 7',	19,	2,	'2020'),
(395,	'Realme C12',	19,	2,	'2020'),
(396,	'Realme GT 2',	19,	2,	'2022'),
(397,	'ZTE Axon 20 5G',	20,	1,	'2020'),
(398,	'ZTE Blade 11',	20,	1,	'2020'),
(399,	'ZTE Axon 10 Pro',	20,	1,	'2019'),
(400,	'ZTE Axon 11',	20,	1,	'2020'),
(401,	'ZTE Blade V10',	20,	1,	'2019'),
(402,	'ZTE Axon 7',	20,	1,	'2016'),
(403,	'ZTE Nubia Z20',	20,	1,	'2019'),
(404,	'ZTE Axon M',	20,	1,	'2017'),
(405,	'ZTE Blade A7',	20,	1,	'2019'),
(406,	'ZTE Blade A5 2020',	20,	1,	'2020'),
(407,	'ZTE Blade V9',	20,	1,	'2018'),
(408,	'ZTE Tab',	20,	2,	'2017'),
(409,	'ZTE Axon 20 5G Pro',	20,	2,	'2021'),
(410,	'ZTE T81',	20,	2,	'2018'),
(411,	'ZTE Grand X View',	20,	2,	'2016'),
(412,	'ZTE Tempo',	20,	2,	'2017'),
(413,	'ZTE Tab 10',	20,	2,	'2020'),
(414,	'ZTE Axon Pro',	20,	2,	'2018'),
(415,	'ZTE ZPAD',	20,	2,	'2015'),
(416,	'ZTE Axon 10s Pro',	20,	2,	'2020'),
(417,	'ZTE Blade V8 Pro',	20,	2,	'2017'),
(418,	'ZTE Nubia Z17',	20,	2,	'2017'),
(419,	'Moto G Power',	17,	1,	'2021'),
(420,	'Moto Edge 20',	17,	1,	'2021'),
(421,	'Moto G Stylus',	17,	1,	'2021'),
(422,	'Moto One Fusion+',	17,	1,	'2020'),
(423,	'Moto E 2020',	17,	1,	'2020'),
(424,	'Moto Z4',	17,	1,	'2019'),
(425,	'Moto G7',	17,	1,	'2019'),
(426,	'Moto G6',	17,	1,	'2018'),
(427,	'Moto Z3',	17,	1,	'2018'),
(428,	'Moto G5 Plus',	17,	1,	'2017'),
(429,	'Moto E6',	17,	1,	'2019'),
(430,	'Motorola Tab G70',	17,	2,	'2021'),
(431,	'Motorola Edge+',	17,	2,	'2020'),
(432,	'Motorola Tab G20',	17,	2,	'2020'),
(433,	'Motorola XOOM',	17,	2,	'2011'),
(434,	'Motorola MotoTab',	17,	2,	'2016'),
(435,	'Motorola Tab',	17,	2,	'2021'),
(436,	'Motorola G100',	17,	2,	'2021'),
(437,	'Motorola XOOM 2',	17,	2,	'2012'),
(438,	'Motorola Tab S8',	17,	2,	'2021'),
(439,	'Motorola Tab 8',	17,	2,	'2021'),
(440,	'Motorola One Hyper',	17,	2,	'2020'),
(441,	'LG Velvet',	18,	1,	'2020'),
(442,	'LG V60 ThinQ',	18,	1,	'2020'),
(443,	'LG G8X ThinQ',	18,	1,	'2019'),
(444,	'LG G7 ThinQ',	18,	1,	'2018'),
(445,	'LG V50 ThinQ',	18,	1,	'2019'),
(446,	'LG G6',	18,	1,	'2017'),
(447,	'LG Stylo 6',	18,	1,	'2020'),
(448,	'LG K92 5G',	18,	1,	'2020'),
(449,	'LG V40 ThinQ',	18,	1,	'2018'),
(450,	'LG K40',	18,	1,	'2019'),
(451,	'LG G5',	18,	1,	'2016'),
(452,	'LG Tab 8',	18,	2,	'2021'),
(453,	'LG G Pad 5',	18,	2,	'2020'),
(454,	'LG G Pad 8.0',	18,	2,	'2015'),
(455,	'LG G Pad X',	18,	2,	'2016'),
(456,	'LG V60 ThinQ Tab',	18,	2,	'2021'),
(457,	'LG G Pad 10.1',	18,	2,	'2017'),
(458,	'LG X5',	18,	2,	'2019'),
(459,	'LG G Pad 7.0',	18,	2,	'2016'),
(460,	'LG G Pad II',	18,	2,	'2015'),
(461,	'LG V40 ThinQ Tab',	18,	2,	'2018'),
(462,	'LG Q Stylus',	18,	2,	'2018'),
(463,	'Realme 8 Pro',	19,	1,	'2021'),
(464,	'Realme GT',	19,	1,	'2021'),
(465,	'Realme 7 Pro',	19,	1,	'2020'),
(466,	'Realme Narzo 30',	19,	1,	'2021'),
(467,	'Realme X7',	19,	1,	'2020'),
(468,	'Realme X50 Pro',	19,	1,	'2020'),
(469,	'Realme 6 Pro',	19,	1,	'2020'),
(470,	'Realme X3 SuperZoom',	19,	1,	'2020'),
(471,	'Realme C21',	19,	1,	'2021'),
(472,	'Realme 5 Pro',	19,	1,	'2019'),
(473,	'Realme 3 Pro',	19,	1,	'2019'),
(474,	'Realme Pad',	19,	2,	'2021'),
(475,	'Realme Pad X',	19,	2,	'2022'),
(476,	'Realme Pad Mini',	19,	2,	'2022'),
(477,	'Realme GT 2 Pro',	19,	2,	'2022'),
(478,	'Realme Tab',	19,	2,	'2021'),
(479,	'Realme GT Master Edition',	19,	2,	'2021'),
(480,	'Realme 8',	19,	2,	'2021'),
(481,	'Realme X50',	19,	2,	'2020'),
(482,	'Realme 7',	19,	2,	'2020'),
(483,	'Realme C12',	19,	2,	'2020'),
(484,	'Realme GT 2',	19,	2,	'2022'),
(485,	'ZTE Axon 20 5G',	20,	1,	'2020'),
(486,	'ZTE Blade 11',	20,	1,	'2020'),
(487,	'ZTE Axon 10 Pro',	20,	1,	'2019'),
(488,	'ZTE Axon 11',	20,	1,	'2020'),
(489,	'ZTE Blade V10',	20,	1,	'2019'),
(490,	'ZTE Axon 7',	20,	1,	'2016'),
(491,	'ZTE Nubia Z20',	20,	1,	'2019'),
(492,	'ZTE Axon M',	20,	1,	'2017'),
(493,	'ZTE Blade A7',	20,	1,	'2019'),
(494,	'ZTE Blade A5 2020',	20,	1,	'2020'),
(495,	'ZTE Blade V9',	20,	1,	'2018'),
(496,	'ZTE Tab',	20,	2,	'2017'),
(497,	'ZTE Axon 20 5G Pro',	20,	2,	'2021'),
(498,	'ZTE T81',	20,	2,	'2018'),
(499,	'ZTE Grand X View',	20,	2,	'2016'),
(500,	'ZTE Tempo',	20,	2,	'2017'),
(501,	'ZTE Tab 10',	20,	2,	'2020'),
(502,	'ZTE Axon Pro',	20,	2,	'2018'),
(503,	'ZTE ZPAD',	20,	2,	'2015'),
(504,	'ZTE Axon 10s Pro',	20,	2,	'2020'),
(505,	'ZTE Blade V8 Pro',	20,	2,	'2017'),
(506,	'ZTE Nubia Z17',	20,	2,	'2017'),
(507,	'LG Velvet',	18,	1,	'2020'),
(508,	'LG V60 ThinQ',	18,	1,	'2020'),
(509,	'LG G8X ThinQ',	18,	1,	'2019'),
(510,	'LG G7 ThinQ',	18,	1,	'2018'),
(511,	'LG V50 ThinQ',	18,	1,	'2019'),
(512,	'LG G6',	18,	1,	'2017'),
(513,	'LG Stylo 6',	18,	1,	'2020'),
(514,	'LG K92 5G',	18,	1,	'2020'),
(515,	'LG V40 ThinQ',	18,	1,	'2018'),
(516,	'LG K40',	18,	1,	'2019'),
(517,	'LG G5',	18,	1,	'2016'),
(518,	'LG Tab 8',	18,	2,	'2021'),
(519,	'LG G Pad 5',	18,	2,	'2020'),
(520,	'LG G Pad 8.0',	18,	2,	'2015'),
(521,	'LG G Pad X',	18,	2,	'2016'),
(522,	'LG V60 ThinQ Tab',	18,	2,	'2021'),
(523,	'LG G Pad 10.1',	18,	2,	'2017'),
(524,	'LG X5',	18,	2,	'2019'),
(525,	'LG G Pad 7.0',	18,	2,	'2016'),
(526,	'LG G Pad II',	18,	2,	'2015'),
(527,	'LG V40 ThinQ Tab',	18,	2,	'2018'),
(528,	'LG Q Stylus',	18,	2,	'2018'),
(529,	'Realme 8 Pro',	19,	1,	'2021'),
(530,	'Realme GT',	19,	1,	'2021'),
(531,	'Realme 7 Pro',	19,	1,	'2020'),
(532,	'Realme Narzo 30',	19,	1,	'2021'),
(533,	'Realme X7',	19,	1,	'2020'),
(534,	'Realme X50 Pro',	19,	1,	'2020'),
(535,	'Realme 6 Pro',	19,	1,	'2020'),
(536,	'Realme X3 SuperZoom',	19,	1,	'2020'),
(537,	'Realme C21',	19,	1,	'2021'),
(538,	'Realme 5 Pro',	19,	1,	'2019'),
(539,	'Realme 3 Pro',	19,	1,	'2019'),
(540,	'Realme Pad',	19,	2,	'2021'),
(541,	'Realme Pad X',	19,	2,	'2022'),
(542,	'Realme Pad Mini',	19,	2,	'2022'),
(543,	'Realme GT 2 Pro',	19,	2,	'2022'),
(544,	'Realme Tab',	19,	2,	'2021'),
(545,	'Realme GT Master Edition',	19,	2,	'2021'),
(546,	'Realme 8',	19,	2,	'2021'),
(547,	'Realme X50',	19,	2,	'2020'),
(548,	'Realme 7',	19,	2,	'2020'),
(549,	'Realme C12',	19,	2,	'2020'),
(550,	'Realme GT 2',	19,	2,	'2022'),
(551,	'ZTE Axon 20 5G',	20,	1,	'2020'),
(552,	'ZTE Blade 11',	20,	1,	'2020'),
(553,	'ZTE Axon 10 Pro',	20,	1,	'2019'),
(554,	'ZTE Axon 11',	20,	1,	'2020'),
(555,	'ZTE Blade V10',	20,	1,	'2019'),
(556,	'ZTE Axon 7',	20,	1,	'2016'),
(557,	'ZTE Nubia Z20',	20,	1,	'2019'),
(558,	'ZTE Axon M',	20,	1,	'2017'),
(559,	'ZTE Blade A7',	20,	1,	'2019'),
(560,	'ZTE Blade A5 2020',	20,	1,	'2020'),
(561,	'ZTE Blade V9',	20,	1,	'2018'),
(562,	'ZTE Tab',	20,	2,	'2017'),
(563,	'ZTE Axon 20 5G Pro',	20,	2,	'2021'),
(564,	'ZTE T81',	20,	2,	'2018'),
(565,	'ZTE Grand X View',	20,	2,	'2016'),
(566,	'ZTE Tempo',	20,	2,	'2017'),
(567,	'ZTE Tab 10',	20,	2,	'2020'),
(568,	'ZTE Axon Pro',	20,	2,	'2018'),
(569,	'ZTE ZPAD',	20,	2,	'2015'),
(570,	'ZTE Axon 10s Pro',	20,	2,	'2020'),
(571,	'ZTE Blade V8 Pro',	20,	2,	'2017'),
(572,	'ZTE Nubia Z17',	20,	2,	'2017'),
(573,	'Honor 50',	22,	1,	'2021'),
(574,	'Honor 20 Pro',	22,	1,	'2019'),
(575,	'Honor 9X',	22,	1,	'2019'),
(576,	'Honor 10X Lite',	22,	1,	'2020'),
(577,	'Honor 30 Pro+',	22,	1,	'2020'),
(578,	'Honor V30',	22,	1,	'2020'),
(579,	'Honor Play',	22,	1,	'2018'),
(580,	'Honor 8X',	22,	1,	'2018'),
(581,	'Honor 8S',	22,	1,	'2019'),
(582,	'Honor 9',	22,	1,	'2016'),
(583,	'Honor View 20',	22,	1,	'2019'),
(584,	'Honor Pad 7',	22,	2,	'2021'),
(585,	'Honor Pad V7',	22,	2,	'2021'),
(586,	'Honor Tablet X7',	22,	2,	'2021'),
(587,	'Honor Pad X6',	22,	2,	'2020'),
(588,	'Honor Tab 5',	22,	2,	'2019'),
(589,	'Honor Tab 6',	22,	2,	'2020'),
(590,	'Honor Tab 4',	22,	2,	'2018'),
(591,	'Honor Play 9A',	22,	2,	'2020'),
(592,	'Honor MediaPad M5',	22,	2,	'2018'),
(593,	'Honor ViewPad',	22,	2,	'2016'),
(594,	'Honor Tab 8',	22,	2,	'2021'),
(595,	'Meizu 18 Pro',	23,	1,	'2021'),
(596,	'Meizu 16S Pro',	23,	1,	'2019'),
(597,	'Meizu 16X',	23,	1,	'2018'),
(598,	'Meizu 15 Plus',	23,	1,	'2018'),
(599,	'Meizu 16',	23,	1,	'2018'),
(600,	'Meizu M6',	23,	1,	'2017'),
(601,	'Meizu M3 Note',	23,	1,	'2016'),
(602,	'Meizu Pro 7',	23,	1,	'2017'),
(603,	'Meizu M5',	23,	1,	'2016'),
(604,	'Meizu MX6',	23,	1,	'2016'),
(605,	'Meizu 6T',	23,	1,	'2018'),
(606,	'Meizu Pad',	23,	2,	'2021'),
(607,	'Meizu M1 Note',	23,	2,	'2015'),
(608,	'Meizu M2',	23,	2,	'2015'),
(609,	'Meizu M3',	23,	2,	'2016'),
(610,	'Meizu M3S',	23,	2,	'2016'),
(611,	'Meizu Pro 6 Plus',	23,	2,	'2016'),
(612,	'Meizu M2 Note',	23,	2,	'2015'),
(613,	'Meizu MX5',	23,	2,	'2015'),
(614,	'Meizu M5s',	23,	2,	'2017'),
(615,	'Meizu Pro 5',	23,	2,	'2015'),
(616,	'Meizu U20',	23,	2,	'2016'),
(617,	'BlackBerry Key2',	24,	1,	'2018'),
(618,	'BlackBerry KeyOne',	24,	1,	'2017'),
(619,	'BlackBerry Motion',	24,	1,	'2017'),
(620,	'BlackBerry DTEK60',	24,	1,	'2016'),
(621,	'BlackBerry Priv',	24,	1,	'2015'),
(622,	'BlackBerry Z30',	24,	1,	'2013'),
(623,	'BlackBerry Z10',	24,	1,	'2013'),
(624,	'BlackBerry Classic',	24,	1,	'2014'),
(625,	'BlackBerry Bold 9900',	24,	1,	'2011'),
(626,	'BlackBerry Curve 9360',	24,	1,	'2011'),
(627,	'BlackBerry Storm 2',	24,	1,	'2009'),
(628,	'BlackBerry PlayBook',	24,	2,	'2011'),
(629,	'BlackBerry PlayBook 2',	24,	2,	'2012'),
(630,	'BlackBerry Z3',	24,	2,	'2014'),
(631,	'BlackBerry Leap',	24,	2,	'2015'),
(632,	'BlackBerry 10',	24,	2,	'2013'),
(633,	'BlackBerry Bold 9790',	24,	2,	'2011'),
(634,	'BlackBerry Curve 8520',	24,	2,	'2009'),
(635,	'BlackBerry Curve 9300',	24,	2,	'2010'),
(636,	'BlackBerry Torch 9800',	24,	2,	'2010'),
(637,	'BlackBerry Torch 9860',	24,	2,	'2011'),
(638,	'BlackBerry Curve 9320',	24,	2,	'2012'),
(639,	'Panasonic Eluga I9',	25,	1,	'2017'),
(640,	'Panasonic Eluga Ray 500',	25,	1,	'2017'),
(641,	'Panasonic Eluga X1',	25,	1,	'2018'),
(642,	'Panasonic Eluga Pulse X',	25,	1,	'2017'),
(643,	'Panasonic Eluga A3 Pro',	25,	1,	'2017'),
(644,	'Panasonic Eluga Ray 700',	25,	1,	'2017'),
(645,	'Panasonic P55',	25,	1,	'2015'),
(646,	'Panasonic Eluga L2',	25,	1,	'2016'),
(647,	'Panasonic Eluga Z',	25,	1,	'2015'),
(648,	'Panasonic Eluga V2',	25,	1,	'2016'),
(649,	'Panasonic Toughpad FZ-N1',	25,	1,	'2016'),
(650,	'Panasonic Toughpad FZ-A2',	25,	2,	'2017'),
(651,	'Panasonic Toughbook CF-54',	25,	2,	'2018'),
(652,	'Panasonic Toughbook CF-31',	25,	2,	'2015'),
(653,	'Panasonic Toughpad 4K',	25,	2,	'2017'),
(654,	'Panasonic Toughpad FZ-B2',	25,	2,	'2015'),
(655,	'Panasonic Toughbook CF-33',	25,	2,	'2017'),
(656,	'Panasonic Tablet Toughpad FZ-G1',	25,	2,	'2015'),
(657,	'Panasonic Toughbook CF-19',	25,	2,	'2016'),
(658,	'Panasonic Toughpad A1',	25,	2,	'2014'),
(659,	'Panasonic Toughpad FZ-G2',	25,	2,	'2016'),
(660,	'Panasonic Toughbook CF-30',	25,	2,	'2016'),
(661,	'Alcatel 3X',	26,	1,	'2019'),
(662,	'Alcatel 1S',	26,	1,	'2020'),
(663,	'Alcatel 5V',	26,	1,	'2018'),
(664,	'Alcatel 1V',	26,	1,	'2020'),
(665,	'Alcatel Idol 5S',	26,	1,	'2017'),
(666,	'Alcatel 3L',	26,	1,	'2020'),
(667,	'Alcatel 3C',	26,	1,	'2018'),
(668,	'Alcatel 1',	26,	1,	'2017'),
(669,	'Alcatel 7',	26,	1,	'2018'),
(670,	'Alcatel 3T',	26,	1,	'2018'),
(671,	'Alcatel 1X',	26,	1,	'2018'),
(672,	'Alcatel 3T 10',	26,	2,	'2020'),
(673,	'Alcatel 1T 10',	26,	2,	'2019'),
(674,	'Alcatel 7T',	26,	2,	'2020'),
(675,	'Alcatel Tab 8',	26,	2,	'2020'),
(676,	'Alcatel 10.1',	26,	2,	'2021'),
(677,	'Alcatel 1T 7',	26,	2,	'2020'),
(678,	'Alcatel 1S 8',	26,	2,	'2020'),
(679,	'Alcatel Xess',	26,	2,	'2020'),
(680,	'Alcatel Tab 4',	26,	2,	'2019'),
(681,	'Alcatel T10',	26,	2,	'2020'),
(682,	'Alcatel 3X 8',	26,	2,	'2020'),
(683,	'Razer Phone 2',	27,	1,	'2018'),
(684,	'Razer Phone',	27,	1,	'2017'),
(685,	'Razer Edge',	27,	1,	'2021'),
(686,	'Razer Phone 3',	27,	1,	'2020'),
(687,	'Razer Phone 4',	27,	1,	'2021'),
(688,	'Razer Phone 5',	27,	1,	'2022'),
(689,	'Razer Blade',	27,	1,	'2022'),
(690,	'Razer Blade Stealth',	27,	1,	'2021'),
(691,	'Razer Blade 15',	27,	1,	'2022'),
(692,	'Razer Core X',	27,	1,	'2020'),
(693,	'Razer Phone Pro',	27,	1,	'2021'),
(694,	'Razer Edge Tablet',	27,	2,	'2021'),
(695,	'Razer Tab 7',	27,	2,	'2022'),
(696,	'Razer RazorPad',	27,	2,	'2020'),
(697,	'Razer Nexus',	27,	2,	'2021'),
(698,	'Razer Slate',	27,	2,	'2021'),
(699,	'Razer Pad Pro',	27,	2,	'2022'),
(700,	'Razer Tablet 10',	27,	2,	'2022'),
(701,	'Razer Tablet 8',	27,	2,	'2020'),
(702,	'Razer Nexus X',	27,	2,	'2021'),
(703,	'Razer Nexus Pro',	27,	2,	'2022'),
(704,	'Razer Edge 2',	27,	2,	'2022'),
(705,	'Asus ROG Phone 5',	28,	1,	'2021'),
(706,	'Asus ROG Phone 3',	28,	1,	'2020'),
(707,	'Asus ROG Phone 2',	28,	1,	'2019'),
(708,	'Asus ROG Phone',	28,	1,	'2018'),
(709,	'Asus ROG Phone 6',	28,	1,	'2022'),
(710,	'Asus ROG Strix',	28,	1,	'2021'),
(711,	'Asus ROG Flow Z13',	28,	1,	'2022'),
(712,	'Asus ROG Zephyrus',	28,	1,	'2021'),
(713,	'Asus ROG Phone 7',	28,	1,	'2023'),
(714,	'Asus ROG 5s',	28,	1,	'2022'),
(715,	'Asus ROG Strix G',	28,	1,	'2021'),
(716,	'Asus ROG Tab 10',	28,	2,	'2022'),
(717,	'Asus ROG X10',	28,	2,	'2022'),
(718,	'Asus ROG Flow Tab',	28,	2,	'2021'),
(719,	'Asus ROG Tablet Pro',	28,	2,	'2022'),
(720,	'Asus ROG Nexus Pro',	28,	2,	'2021'),
(721,	'Asus ROG Blade 8',	28,	2,	'2022'),
(722,	'Asus ROG Pad X',	28,	2,	'2021'),
(723,	'Asus ROG Tablet Pro 2',	28,	2,	'2023'),
(724,	'Asus ROG ZenPad',	28,	2,	'2019'),
(725,	'Asus ROG Tablet 6',	28,	2,	'2023'),
(726,	'Asus ROG Tab 7',	28,	2,	'2023'),
(727,	'Fossil Gen 5',	29,	4,	'2020'),
(728,	'Fossil Hybrid HR',	29,	4,	'2020'),
(729,	'Fossil Sport',	29,	4,	'2018'),
(730,	'Fossil Carlyle HR',	29,	4,	'2021'),
(731,	'Fossil Hybrid HR 2nd Gen',	29,	4,	'2022'),
(732,	'Fossil Hybrid HR Luxe',	29,	4,	'2022'),
(733,	'Fossil Q Explorist HR',	29,	4,	'2018'),
(734,	'Fossil Hybrid HR Collider',	29,	4,	'2021'),
(735,	'Fossil Gen 6',	29,	4,	'2021'),
(736,	'Fossil Q Marshal',	29,	4,	'2016'),
(737,	'Fossil Hybrid HR Neely',	29,	4,	'2022'),
(738,	'Fossil Smartwatch',	29,	4,	'2020'),
(739,	'Fossil FossilWatch',	29,	4,	'2021'),
(740,	'Fossil Touchscreen Watch',	29,	4,	'2020'),
(741,	'Fossil Q Gen 5',	29,	4,	'2020'),
(742,	'Fossil HR Hybrid',	29,	4,	'2019'),
(743,	'Fossil Watch Gen 4',	29,	4,	'2018'),
(744,	'Fossil Hybrid HR Move',	29,	4,	'2020'),
(745,	'Fossil Gen 5e',	29,	4,	'2020'),
(746,	'Fossil Q Hybrid 2',	29,	4,	'2020'),
(747,	'Fossil Touchscreen Pro',	29,	4,	'2022'),
(748,	'Fossil Hybrid HR Premium',	29,	4,	'2022'),
(749,	'Garmin Venu 2',	30,	4,	'2021'),
(750,	'Garmin Fenix 6',	30,	4,	'2020'),
(751,	'Garmin Forerunner 945',	30,	4,	'2020'),
(752,	'Garmin Forerunner 745',	30,	4,	'2020'),
(753,	'Garmin Forerunner 45',	30,	4,	'2019'),
(754,	'Garmin Vivosmart 4',	30,	4,	'2019'),
(755,	'Garmin Fenix 5 Plus',	30,	4,	'2018'),
(756,	'Garmin Venu',	30,	4,	'2019'),
(757,	'Garmin Epix',	30,	4,	'2022'),
(758,	'Garmin Instinct 2',	30,	4,	'2022'),
(759,	'Garmin Vivoactive 4',	30,	4,	'2020'),
(760,	'Garmin Edge 530',	30,	4,	'2020'),
(761,	'Garmin Forerunner 645',	30,	4,	'2018'),
(762,	'Garmin Venu Sq',	30,	4,	'2020'),
(763,	'Garmin Venu 2S',	30,	4,	'2021'),
(764,	'Garmin Instinct Solar',	30,	4,	'2021'),
(765,	'Garmin Fenix 7',	30,	4,	'2022'),
(766,	'Garmin Forerunner 255',	30,	4,	'2022'),
(767,	'Garmin Forerunner 55',	30,	4,	'2021'),
(768,	'Garmin Forerunner 35',	30,	4,	'2016'),
(769,	'Garmin Fenix 6X Pro',	30,	4,	'2020'),
(770,	'Garmin Vivoactive 3',	30,	4,	'2017'),
(771,	'Fitbit Versa 3',	31,	4,	'2020'),
(772,	'Fitbit Charge 5',	31,	4,	'2021'),
(773,	'Fitbit Sense',	31,	4,	'2020'),
(774,	'Fitbit Charge 4',	31,	4,	'2020'),
(775,	'Fitbit Inspire 2',	31,	4,	'2021'),
(776,	'Fitbit Ace 3',	31,	4,	'2021'),
(777,	'Fitbit Inspire HR',	31,	4,	'2020'),
(778,	'Fitbit Versa 2',	31,	4,	'2019'),
(779,	'Fitbit Luxe',	31,	4,	'2021'),
(780,	'Fitbit Charge 3',	31,	4,	'2018'),
(781,	'Fitbit Surge',	31,	4,	'2015'),
(782,	'Fitbit Ionic',	31,	4,	'2017'),
(783,	'Fitbit Flex 2',	31,	4,	'2016'),
(784,	'Fitbit One',	31,	4,	'2012'),
(785,	'Fitbit Alta HR',	31,	4,	'2017'),
(786,	'Fitbit Alta',	31,	4,	'2016'),
(787,	'Fitbit Charge 2',	31,	4,	'2016'),
(788,	'Fitbit Zip',	31,	4,	'2012'),
(789,	'Fitbit Aria 2',	31,	4,	'2017'),
(790,	'Polar Vantage V2',	32,	4,	'2020'),
(791,	'Polar Grit X',	32,	4,	'2020'),
(792,	'Polar Ignite 2',	32,	4,	'2021'),
(793,	'Polar Vantage M2',	32,	4,	'2021'),
(794,	'Polar Vantage V',	32,	4,	'2018'),
(795,	'Polar Grit X Pro',	32,	4,	'2021'),
(796,	'Polar M430',	32,	4,	'2017'),
(797,	'Polar A370',	32,	4,	'2017'),
(798,	'Polar Unite',	32,	4,	'2020'),
(799,	'Polar Loop 3',	32,	4,	'2016'),
(800,	'Polar M200',	32,	4,	'2016'),
(801,	'Polar V800',	32,	4,	'2015'),
(802,	'Polar FT7',	32,	4,	'2012'),
(803,	'Polar FT4',	32,	4,	'2011'),
(804,	'Polar Loop',	32,	4,	'2014'),
(805,	'Polar A300',	32,	4,	'2015'),
(806,	'Polar M600',	32,	4,	'2016'),
(807,	'Polar M450',	32,	4,	'2015'),
(808,	'Polar FT60',	32,	4,	'2011'),
(809,	'Polar FT80',	32,	4,	'2012'),
(810,	'Polar CS500',	32,	4,	'2014'),
(811,	'Polar RC3 GPS',	32,	4,	'2013'),
(812,	'Amazfit GTR 3',	33,	4,	'2021'),
(813,	'Amazfit GTR 2',	33,	4,	'2020'),
(814,	'Amazfit GTS 2',	33,	4,	'2020'),
(815,	'Amazfit Bip U Pro',	33,	4,	'2021'),
(816,	'Amazfit T-Rex Pro',	33,	4,	'2021'),
(817,	'Amazfit Neo',	33,	4,	'2020'),
(818,	'Amazfit Verge',	33,	4,	'2019'),
(819,	'Amazfit Bip S',	33,	4,	'2020'),
(820,	'Amazfit GTS',	33,	4,	'2019'),
(821,	'Amazfit GTR',	33,	4,	'2019'),
(822,	'Amazfit Bip U',	33,	4,	'2021'),
(823,	'Amazfit Pace',	33,	4,	'2017'),
(824,	'Amazfit Stratos',	33,	4,	'2018'),
(825,	'Amazfit GTR 2e',	33,	4,	'2020'),
(826,	'Amazfit GTS 2e',	33,	4,	'2020'),
(827,	'Amazfit GTR 3 Pro',	33,	4,	'2021'),
(828,	'Amazfit GTS 3',	33,	4,	'2021'),
(829,	'Amazfit Bip S Lite',	33,	4,	'2020'),
(830,	'Amazfit Powerbuds',	33,	4,	'2021'),
(831,	'Amazfit T-Rex',	33,	4,	'2020'),
(832,	'Amazfit ZenBuds',	33,	4,	'2020'),
(833,	'Amazfit T-Rex 2',	33,	4,	'2022'),
(834,	'Pebble Smartwatch',	34,	4,	'2013'),
(835,	'Pebble Time',	34,	4,	'2015'),
(836,	'Pebble Time Steel',	34,	4,	'2015'),
(837,	'Pebble 2',	34,	4,	'2016'),
(838,	'Pebble Time Round',	34,	4,	'2015'),
(839,	'Pebble Core',	34,	4,	'2016'),
(840,	'Pebble 2 SE',	34,	4,	'2016'),
(841,	'Pebble Smartwatch 2',	34,	4,	'2014'),
(842,	'Pebble Time 2',	34,	4,	'2016'),
(843,	'Pebble Steel',	34,	4,	'2014'),
(844,	'Pebble 3',	34,	4,	'2016'),
(845,	'Pebble Time Smartwatch',	34,	4,	'2015'),
(846,	'Pebble HR',	34,	4,	'2015'),
(847,	'Pebble Time S',	34,	4,	'2015'),
(848,	'Pebble Smartwatch Pro',	34,	4,	'2015'),
(849,	'Pebble Pro 2',	34,	4,	'2016'),
(850,	'Pebble Smartwatch Plus',	34,	4,	'2016'),
(851,	'Pebble Time HD',	34,	4,	'2015'),
(852,	'Pebble 2 Pro',	34,	4,	'2016'),
(853,	'Pebble Time Elite',	34,	4,	'2016'),
(854,	'Pebble Watch 2',	34,	4,	'2016'),
(855,	'Pebble Watch 3',	34,	4,	'2017'),
(856,	'Casio G-Shock',	35,	4,	'1983'),
(857,	'Casio F91W',	35,	4,	'1991'),
(858,	'Casio Pro Trek',	35,	4,	'1999'),
(859,	'Casio G-Steel',	35,	4,	'2015'),
(860,	'Casio Baby-G',	35,	4,	'1994'),
(861,	'Casio Edifice',	35,	4,	'2007'),
(862,	'Casio G-Shock Rangeman',	35,	4,	'2015'),
(863,	'Casio G-Shock Mudmaster',	35,	4,	'2015'),
(864,	'Casio G-Shock GA-2100',	35,	4,	'2019'),
(865,	'Casio G-Shock GA-100',	35,	4,	'2012'),
(866,	'Casio G-Shock GAW-100',	35,	4,	'2015'),
(867,	'Casio G-Shock GBD-H1000',	35,	4,	'2020'),
(868,	'Casio Pro Trek PRW-60',	35,	4,	'2017'),
(869,	'Casio G-Shock Gravitymaster',	35,	4,	'2015'),
(870,	'Casio G-Shock Solar',	35,	4,	'2020'),
(871,	'Casio F108W',	35,	4,	'2009'),
(872,	'Casio G-Shock GA-2000',	35,	4,	'2020'),
(873,	'Casio G-Shock G-Lide',	35,	4,	'2021'),
(874,	'Casio G-Shock Rangeman GW-9400',	35,	4,	'2018'),
(875,	'Casio G-Shock GW-5000',	35,	4,	'2018'),
(876,	'Casio G-Shock GDX-6900',	35,	4,	'2010'),
(877,	'Montblanc Summit 2',	36,	4,	'2018'),
(878,	'Montblanc Summit',	36,	4,	'2017'),
(879,	'Montblanc Summit Lite',	36,	4,	'2020'),
(880,	'Montblanc Summit 3',	36,	4,	'2022'),
(881,	'Montblanc Smart Watch',	36,	4,	'2020'),
(882,	'Montblanc Summit 2+',	36,	4,	'2020'),
(883,	'Montblanc Smart Watch 2',	36,	4,	'2021'),
(884,	'Montblanc Summit Titanium',	36,	4,	'2020'),
(885,	'Montblanc Summit Carbon',	36,	4,	'2021'),
(886,	'Montblanc Summit Touch',	36,	4,	'2020'),
(887,	'Montblanc Summit Chronograph',	36,	4,	'2021'),
(888,	'Suunto 7',	37,	4,	'2020'),
(889,	'Suunto 9',	37,	4,	'2019'),
(890,	'Suunto Spartan Sport',	37,	4,	'2016'),
(891,	'Suunto 5',	37,	4,	'2020'),
(892,	'Suunto Traverse Alpha',	37,	4,	'2017'),
(893,	'Suunto 3 Fitness',	37,	4,	'2020'),
(894,	'Suunto 9 Baro',	37,	4,	'2020'),
(895,	'Suunto Ambit3',	37,	4,	'2014'),
(896,	'Suunto Spartan Ultra',	37,	4,	'2016'),
(897,	'Suunto Core',	37,	4,	'2007'),
(898,	'Suunto Quest',	37,	4,	'2011'),
(899,	'TicWatch Pro 3',	38,	4,	'2020'),
(900,	'TicWatch Pro',	38,	4,	'2018'),
(901,	'TicWatch E3',	38,	4,	'2021'),
(902,	'TicWatch Pro 2020',	38,	4,	'2020'),
(903,	'TicWatch C2+',	38,	4,	'2020'),
(904,	'TicWatch S2',	38,	4,	'2019'),
(905,	'TicWatch GTX',	38,	4,	'2021'),
(906,	'TicWatch 2',	38,	4,	'2015'),
(907,	'TicWatch Pro 4G',	38,	4,	'2018'),
(908,	'TicWatch C2',	38,	4,	'2018'),
(909,	'TicWatch Pro 3 GPS',	38,	4,	'2020'),
(910,	'BQ Aquaris X2 Pro',	39,	1,	'2018'),
(911,	'BQ Aquaris X2',	39,	1,	'2018'),
(912,	'BQ Aquaris X Pro',	39,	1,	'2017'),
(913,	'BQ Aquaris V',	39,	1,	'2017'),
(914,	'BQ Aquaris V Plus',	39,	1,	'2018'),
(915,	'BQ Aquaris M5',	39,	1,	'2015'),
(916,	'BQ Aquaris U Plus',	39,	1,	'2016'),
(917,	'BQ Aquaris U',	39,	1,	'2016'),
(918,	'BQ Aquaris E5',	39,	1,	'2014'),
(919,	'BQ Aquaris X',	39,	1,	'2017'),
(920,	'BQ Aquaris M4.5',	39,	1,	'2015'),
(921,	'Chuwi Hi9',	40,	2,	'2017'),
(922,	'Chuwi Hi10 X',	40,	2,	'2020'),
(923,	'Chuwi HiPad',	40,	2,	'2020'),
(924,	'Chuwi UBook Pro',	40,	2,	'2020'),
(925,	'Chuwi SurBook',	40,	2,	'2017'),
(926,	'Chuwi Hi9 Plus',	40,	2,	'2019'),
(927,	'Chuwi Hi10',	40,	2,	'2017'),
(928,	'Chuwi Hi10 Air',	40,	2,	'2018'),
(929,	'Chuwi LapBook Pro',	40,	3,	'2018'),
(930,	'Chuwi CoreBook X',	40,	3,	'2021'),
(931,	'Chuwi HeroBook Pro',	40,	3,	'2020'),
(932,	'Teclast T30',	41,	2,	'2019'),
(933,	'Teclast F7',	41,	3,	'2019'),
(934,	'Teclast P80X',	41,	2,	'2020'),
(935,	'Teclast Tbook 16 Power',	41,	3,	'2017'),
(936,	'Teclast T10',	41,	2,	'2017'),
(937,	'Teclast X4',	41,	3,	'2018'),
(938,	'Teclast F15',	41,	3,	'2020'),
(939,	'Teclast M40',	41,	2,	'2020'),
(940,	'Teclast P80 Pro',	41,	2,	'2019'),
(941,	'Teclast P10',	41,	2,	'2018'),
(942,	'Teclast X98 Plus',	41,	2,	'2015'),
(943,	'Prestigio MultiPad 4',	42,	2,	'2016'),
(944,	'Prestigio MultiPhone 5500 Duo',	42,	1,	'2015'),
(945,	'Prestigio Grace',	42,	1,	'2019'),
(946,	'Prestigio Multiphone',	42,	1,	'2014'),
(947,	'Prestigio Multibody',	42,	3,	'2018'),
(948,	'Prestigio MultiPad PMP',	42,	2,	'2015'),
(949,	'Prestigio Muze',	42,	1,	'2017'),
(950,	'Prestigio MultiPhone 5504 Duo',	42,	1,	'2016'),
(951,	'Prestigio MultiPad Wize 3037 3G',	42,	2,	'2015'),
(952,	'Prestigio MultiPad PMP 3380B',	42,	2,	'2015'),
(953,	'Prestigio Multigame',	42,	2,	'2019');



INSERT INTO `repairs` (`id`, `device`, `issue`, `name`, `surname`, `email`, `phone`, `technitian_id`, `created_at`) VALUES
(62,	'Apple - Apple Watch SE',	'1',	'Skibidi',	'SKSKS',	'xmanmartinburda@seznam.cz',	'666777888',	1,	'2025-01-16 18:35:20'),
(63,	'Apple - iPhone 12 Pro',	'2',	'Skibidi',	'SKSKS',	'xmanmartinburda@seznam.cz',	'666777888',	1,	'2025-01-16 18:43:21');

DROP TABLE IF EXISTS `users`;
CREATE TABLE `users` (
  `id` int NOT NULL AUTO_INCREMENT,
  `name` varchar(100) CHARACTER SET utf8mb4 COLLATE utf8mb4_0900_ai_ci NOT NULL,
  `surname` varchar(100) CHARACTER SET utf8mb4 COLLATE utf8mb4_0900_ai_ci NOT NULL,
  `username` varchar(100) NOT NULL,
  `password` varchar(100) NOT NULL,
  `email` varchar(100) NOT NULL,
  `phone` int NOT NULL,
  `role` enum('admin','uzivatel','opravar') CHARACTER SET utf8mb4 COLLATE utf8mb4_0900_ai_ci DEFAULT NULL,
  `image` varchar(255) CHARACTER SET utf8mb4 COLLATE utf8mb4_0900_ai_ci DEFAULT NULL,
  PRIMARY KEY (`id`),
  UNIQUE KEY `username` (`username`)
) ENGINE=InnoDB DEFAULT CHARSET=utf8mb4 COLLATE=utf8mb4_0900_ai_ci;

INSERT INTO `users` (`id`, `name`, `surname`, `username`, `password`, `email`, `phone`, `role`, `image`) VALUES
(1,	'Karel',	'Barel',	'admin',	'$2y$10$N5dEPMZoCCuisRpdN5/iE.gD4MApYT2KEaoqVt7NiJs5j6DB/5twm',	'martin.burda@student.ossp.cz',	773259132,	'admin',	'uploads/users/672b79ebd8f3c_rohlik.png'),
(4,	'Karel',	'Honzik',	'uzivatel',	'$2y$10$FB1uG2l.xeHvYRTyGYVSz.YbAxVeoV0PisY42UTPzxi8PFpuyW5de',	'cenek@cendabenda.com',	113097245,	'uzivatel',	'uploads/default/user.png'),
(5,	'Čeněk',	'Peněk',	'martini',	'$2y$10$iCILv0nUoOUdFq/VRLL3kO719Hh5o.6GDcTyIzwb/WhHqxe8SJgLK',	'sefredaktor@sefredaktor.com',	111222333,	'uzivatel',	'uploads/default/user.png'),
(10,	'P',	'Diddy',	'martinyy',	'$2y$10$SYR2AEOPD99yOAj/1v3mvuP6glXy2JwTG4cyLvTJp/NJi6VLCmffu',	'sefredaktor@sefredaktor.com',	234765198,	'uzivatel',	'uploads/default/user.png'),
(11,	'Ondrej',	'Smutný',	'pokuston',	'$2y$10$PWUYxiH0GjMqfujqh0qqrOay/QKguPS0UIFe9tYjCvEYa/3Rq5b3m',	'pokuston@pokuston.cz',	807321586,	'uzivatel',	'uploads/default/user.png');

-- 2025-01-19 20:27:19